DATE,OPEN,HIGH,LOW,CLOSE,NO. OF SHARES,NO. OF TRADES,Tata powers
26-11-2021,104.05,104.3,101,101.25,4336484,46805,237.55
26-11-2021,103.3,104.35,101,101.35,1093913,17929,239.8
25-11-2021,106.45,107,103.6,105.05,3974953,33619,240
25-11-2021,106.85,107,103.6,105.05,798161,12835,224.5
24-11-2021,107,109.7,105.4,105.9,6009879,45387,239.9
24-11-2021,106.85,109.75,105.55,105.95,699090,7939,250.6
23-11-2021,100.6,105.95,98.65,105.95,3987471,35113,245.9
23-11-2021,100.9,105.9,98.7,105.9,493284,4755,243.15
22-11-2021,102.9,103.25,98.8,100.95,3723327,50374,242
22-11-2021,102.95,103.3,98.8,100.9,1114257,20643,242
18-11-2021,105,105.8,101.4,102.9,3970297,43253,237.9
18-11-2021,105,105.7,101.45,102.95,441624,6081,241.9
17-11-2021,106.5,107.7,104,104.3,4122988,38428,237.1
17-11-2021,106.65,107.75,104,104.25,838121,13941,233.2
16-11-2021,107.6,109.8,106.25,106.75,2919587,26513,232.9
16-11-2021,107.8,109.65,106.5,106.75,711647,10751,230.2
15-11-2021,110.25,110.25,104.75,107.15,3084563,32314,227.5
15-11-2021,110.7,110.7,104.75,107.15,795810,12055,219.8
12-11-2021,109.2,110.7,107,108.45,5006556,36059,210
12-11-2021,109.65,110.6,107.3,108.5,652628,7250,225.15
11-11-2021,110.8,111.6,107.35,108.1,3830677,31942,231.5
11-11-2021,110.15,111.6,107.45,107.95,802363,13009,215
10-11-2021,111,113.7,109.05,110.15,7831137,57931,225
10-11-2021,112,113.7,109.1,110.15,1638216,21277,228.75
09-11-2021,104.4,109.7,104.15,109.7,8696567,34235,234
09-11-2021,104,109.8,104,109.8,3465038,16534,225
08-11-2021,106.2,106.2,103,104.5,3433737,44641,269.7
08-11-2021,107.4,107.85,103,104.6,397917,6223,232
04-11-2021,105.2,106.5,104.75,105.4,1680073,23478,235.1
04-11-2021,105.45,106.5,103.55,105.35,389220,8555,201.9
03-11-2021,104.9,104.9,101.3,103.25,2976676,43400,195
03-11-2021,105,105,101.25,103.25,417931,5096,178.45
02-11-2021,104.7,105.2,102.1,104.1,3240056,32673,181.2
02-11-2021,104.9,105.2,102.15,104.05,831242,11679,178.65
01-11-2021,98.15,104.4,98,102.85,4693977,50248,183.7
01-11-2021,99,104.7,98.15,103.05,808424,9175,169.05
29-10-2021,103.45,106.8,99,100.5,3679241,43888,166.45
29-10-2021,103.55,108,98.5,100.4,1101431,16480,158.95
28-10-2021,109,109.95,103.35,103.45,5060983,53283,152.7
28-10-2021,109,110.5,103.25,103.55,542709,6803,139.95
27-10-2021,112,113.85,107.7,108.75,2487138,36861,140.2
27-10-2021,112,114.4,108,108.65,354957,5701,139.4
26-10-2021,107.5,116.4,105.65,112.2,4052277,44001,145
26-10-2021,106.8,116.85,105.75,112.2,1320900,15501,139.45
25-10-2021,113.75,113.75,111.2,111.2,1191842,19927,137.3
25-10-2021,114,116,111.3,111.3,342629,6839,134.9
22-10-2021,120,123,117.05,117.05,3651239,36023,137.8
22-10-2021,120.9,123,117.15,117.15,1040785,14259,140.75
21-10-2021,122.95,126.5,120,123.2,10458639,90754,140.45
21-10-2021,123.9,126.9,120.2,123.3,913252,18385,133.25
20-10-2021,122.2,128,115,120.9,20580766,176760,131.8
20-10-2021,124.45,127.8,115.1,120.9,1860391,39753,133
19-10-2021,133.45,135.5,115.1,124.85,71805365,395171,133.3
19-10-2021,133.5,135.55,115.15,124.8,16811754,108279,130.9
18-10-2021,118.45,123.2,117.15,123.2,7932757,31847,132.5
18-10-2021,118.9,123.25,114.35,123.25,1782261,11171,134.55
14-10-2021,108.45,112,107.5,112,11126786,54156,134.4
14-10-2021,108.6,112.05,107.55,112.05,2839240,17583,134.45
13-10-2021,102.4,106.7,101.8,106.7,10940656,61216,129.7
13-10-2021,102,106.75,101.8,106.75,2778304,28104,131.4
12-10-2021,102.9,103.4,101.2,101.65,4336792,41224,128.2
12-10-2021,102.9,103.5,101.25,101.7,367086,5947,126.25
11-10-2021,103,104.75,101,101.85,6211799,54268,126.75
11-10-2021,102,104.5,101.1,101.85,1494092,23463,126.4
08-10-2021,102.9,103.45,101,101.6,4269144,43561,125
08-10-2021,102.8,103.5,101,101.65,963688,13531,126.4
07-10-2021,102.3,104.8,101.55,101.95,5122515,39363,129.4
07-10-2021,102.85,104.75,101.55,101.95,1117443,13675,131.95
06-10-2021,107.3,108.9,101.2,101.55,12067633,95181,132.4
06-10-2021,106.8,109,101.3,101.55,2438696,41519,132.75
05-10-2021,102.8,106.8,101.75,106.5,18388056,101231,134.4
05-10-2021,103,106.8,101.75,106.6,3651748,31035,130.45
04-10-2021,97.85,101.75,97.5,101.75,16213791,62157,130.25
04-10-2021,98.2,101.75,97.5,101.75,2015174,9370,132.7
01-10-2021,96,99,95,96.95,3799113,26867,137.9
01-10-2021,96.8,98.9,95.65,96.95,723246,8951,135.4
30-09-2021,99.25,99.4,96.9,97.1,5402480,30015,132.35
30-09-2021,99,99.35,96.8,97.15,720110,9007,133.35
29-09-2021,95.7,100.8,94.4,98.3,12121578,69681,134.45
29-09-2021,95.25,100.7,94.5,98.35,1295153,8211,126.7
28-09-2021,97.45,97.75,95.15,96,3445198,31672,122.55
28-09-2021,97.65,97.8,95.2,95.95,291471,3533,120.55
27-09-2021,96,98.5,95,97,4218958,29759,121.8
27-09-2021,96.5,98.35,95,96.95,969417,10053,122.65
24-09-2021,98,98.4,95.5,95.85,3425363,27837,123.4
24-09-2021,97.95,98.75,95.5,95.85,606530,7963,125
23-09-2021,96.9,98.75,95.7,97.05,4723835,32625,123.75
23-09-2021,96.9,98.8,95.9,97.05,422659,3782,125.95
22-09-2021,95,97.5,94.85,95.9,2908802,31371,126.65
22-09-2021,94.25,97.85,94.25,95.85,321643,4064,125.5
21-09-2021,93.6,96.4,91.05,94.55,3703371,43222,125.05
21-09-2021,95.05,96.4,91.1,94.5,409589,6075,125.2
20-09-2021,96.05,98.55,95.45,95.45,5452646,51952,124.3
20-09-2021,96,98.5,94.9,95.05,773435,7875,126.4
17-09-2021,99.4,101,95.75,100.45,4712250,36016,123.2
17-09-2021,99.5,100.9,96,99.85,1037576,11911,124.2
16-09-2021,100.35,100.4,98.2,98.55,1989457,23252,123
16-09-2021,99.6,100,98,98.75,611606,9226,126.45
15-09-2021,99.9,101.5,98,99.5,3005710,30188,122.3
15-09-2021,99.25,101.95,98.2,99.6,338385,3936,121.35
14-09-2021,99,102,97.85,99.2,2729725,29012,123.15
14-09-2021,99.7,101.95,98,99.1,651705,10240,123.9
13-09-2021,100,101.9,98.3,100.55,3776218,38148,123
13-09-2021,101,102,98,100.65,453950,5055,122.2
09-09-2021,100,102.6,95.55,102.55,6156828,49570,119.6
09-09-2021,99.9,102.6,95.05,102.45,1679273,15582,121
08-09-2021,90,97.75,89.2,97.75,3440441,21342,122.25
08-09-2021,89.6,97.75,88.55,97.75,803666,7713,124.1
07-09-2021,95.3,96,93.1,93.1,2760591,27550,118.5
07-09-2021,94.65,96,93.1,93.1,638173,10278,124.1
06-09-2021,98,102.15,98,98,4785158,47374,124
06-09-2021,98,102,98,98,1190343,16010,122.15
03-09-2021,113.25,113.25,103.15,103.15,11600826,92500,124.9
03-09-2021,113.4,113.5,103.15,103.15,3126487,32611,126.85
02-09-2021,108.55,108.55,106.5,108.55,6101614,36566,129.7
02-09-2021,108.55,108.55,107.05,108.55,1019385,4467,128.8
01-09-2021,102,103.4,101.05,103.4,3851699,17262,121.4
01-09-2021,102,103.4,100.5,103.4,921700,6167,114.6
31-08-2021,98,98.5,96,98.5,8076627,51219,109.35
31-08-2021,98.4,98.5,95.75,98.5,1611749,16195,109.85
30-08-2021,91.3,93.85,90,93.85,5143549,39586,110.25
30-08-2021,92.4,93.85,89,93.85,1290695,13640,104.6
27-08-2021,89.4,89.4,85.15,89.4,8789561,51124,106.7
27-08-2021,89.4,89.4,84.1,89.4,2546634,17844,104.3
26-08-2021,85.15,85.15,85.15,85.15,817482,4735,107.4
26-08-2021,85.15,85.15,85.15,85.15,241839,1928,106.65
25-08-2021,81.1,81.1,79,81.1,1798861,6285,108.5
25-08-2021,81.1,81.1,80.75,81.1,385214,1796,108.2
24-08-2021,72,77.25,70.35,77.25,3646028,25025,105.85
24-08-2021,71.1,77.25,69.95,77.25,1029660,10997,104.4
23-08-2021,77.45,78,73.6,73.6,3332697,32082,105
23-08-2021,78.05,79.5,73.6,73.6,856005,14031,105.55
20-08-2021,75.25,79.7,74.15,77.45,3749024,34852,104.7
20-08-2021,75.7,80,73.9,77.45,1012859,14120,102.8
18-08-2021,79.95,80,76.5,77.3,5336843,47235,106.55
18-08-2021,80,80.5,76.15,77.45,456195,5344,110.75
17-08-2021,83,83.3,78.95,79.95,4691295,39905,109.25
17-08-2021,82.1,84,79,79.85,915456,16030,104
16-08-2021,84.9,84.95,82.2,83.05,1696098,20409,104
16-08-2021,83.55,85,82,83.15,565895,8952,102.9
13-08-2021,86.45,86.6,84.6,84.95,1778246,18407,102.85
13-08-2021,86.95,86.95,84.7,85.1,376289,7223,100.85
12-08-2021,81.9,86.8,81.1,85,3362033,30476,98.75
12-08-2021,81,86.45,81,85.05,674920,10969,97
11-08-2021,81.8,85,81.6,83.4,5352153,41516,98.9
11-08-2021,82,85,81.7,83.4,1239296,18912,98.9
10-08-2021,91,91.35,85.85,85.85,3720177,45299,97.45
10-08-2021,91,91.5,85.5,85.95,490480,6998,95.75
09-08-2021,94.7,95.5,89.55,90.35,3385305,32689,94.2
09-08-2021,95.4,95.4,88.5,90,1052793,14967,93.3
06-08-2021,92.2,92.55,89.1,92.55,4321632,30603,95.6
06-08-2021,89.55,93.15,89,93.15,1589010,15244,93.3
05-08-2021,92,92.95,87,88.15,4137929,57299,95.2
05-08-2021,92,92.3,87.1,88.75,381335,6067,95
04-08-2021,93.6,94,90,90.25,5287541,47025,92.75
04-08-2021,93,94,89,90.1,926995,17482,101.4
03-08-2021,94.5,96.3,91.3,91.85,6522676,51567,105.65
03-08-2021,94,96.5,91.9,92,603114,6598,105
02-08-2021,96.5,97.85,91.9,92.85,6512680,53520,104.1
02-08-2021,97,98,92.35,92.85,786784,8499,103.6
30-07-2021,95.2,97,94,95.85,1305492,14855,105.3
30-07-2021,95.75,97,94.05,95.75,355128,7160,104.2
29-07-2021,98.45,98.5,95.05,95.4,1394213,19948,103.5
29-07-2021,98.95,99.5,95.5,95.75,170634,3277,105.4
28-07-2021,94.75,98.9,91.5,97.05,2816313,37724,100.55
28-07-2021,94,98,92,96.95,756294,15378,101.4
27-07-2021,97,97.65,94.05,94.75,2641412,35494,103.3
27-07-2021,97.8,98,94,94.95,319960,5802,105
26-07-2021,100.45,100.5,97.55,97.95,1603624,20883,105.25
26-07-2021,100,100,97.1,97.8,515924,10442,100.3
23-07-2021,101.45,104.6,97.2,100.45,3575596,31166,105
23-07-2021,102,104.5,97.2,100.5,957167,14697,109.85
22-07-2021,92.2,101.9,92.2,101.8,6077944,56683,112.15
22-07-2021,92.35,102.05,92.35,101.95,1875072,26403,114.95
20-07-2021,97.05,98.8,97.05,97.05,4880468,56605,108.7
20-07-2021,97.2,99,97.2,97.2,1049622,22130,109
19-07-2021,105.65,107.75,100.45,102.15,5073034,50494,110.2
19-07-2021,106,107.8,101.15,102.3,584422,7659,109
16-07-2021,104.1,107.9,102,105.65,3420046,41629,111
16-07-2021,106,108.5,102,105.25,463413,6783,104.6
15-07-2021,105.05,106,103.25,104.1,2351596,37842,104.75
15-07-2021,105.45,106,103,103.9,732713,15630,100.45
14-07-2021,107.8,108.5,104.8,105.05,2239191,30874,97
14-07-2021,106.5,108.85,105,105.45,329761,4688,95
13-07-2021,109,109.8,106.05,106.75,2049450,23608,94.7
13-07-2021,109,110,106,106.55,566650,11930,92.9
12-07-2021,110.65,110.95,108,108.2,1987553,23863,90.05
12-07-2021,111.95,111.95,107,108.25,281182,5039,91
09-07-2021,108.85,110.95,107,109.55,2249268,24431,93.15
09-07-2021,109,111,107,109.5,289152,4416,92
08-07-2021,109.8,110.6,107.1,108.75,2375171,27872,90.55
08-07-2021,110,111.75,106,108.05,327863,4908,87.4
07-07-2021,110.65,110.9,107,109.8,3037009,30546,88.2
07-07-2021,110.5,114,107.5,109.7,389056,5427,87.8
06-07-2021,105.5,112.1,103.2,111.9,6847388,54676,88.5
06-07-2021,102.55,111.85,102.55,111.85,690027,7627,88.25
05-07-2021,110,111.4,105,106.8,4543973,48544,90.05
05-07-2021,110.5,111.9,105.1,106.55,1140555,22709,87.6
02-07-2021,102.45,111.95,102.45,109.4,6817595,63022,91
02-07-2021,102.45,112,102.45,109.5,2096728,31260,85.2
01-07-2021,113.45,115,107.8,107.8,6780446,77726,84.05
01-07-2021,114.45,114.5,107.75,107.8,921622,12825,82.4
30-06-2021,116.5,117.9,112.5,113.45,3724046,39223,76.9
30-06-2021,115,117,111.1,113.4,1043035,18688,78.3
29-06-2021,119.4,119.8,116,116.3,2687722,32743,75.4
29-06-2021,121,121,116,116.6,356626,5734,80.7
28-06-2021,113.5,121,111.2,118.2,5385825,55626,84.9
28-06-2021,114,121,111,118.15,1586338,26829,83
25-06-2021,115.05,121.4,114,116.75,4588667,47730,85.45
25-06-2021,114.5,121,114.5,116.8,1325552,25014,85.8
24-06-2021,125.95,126,119.7,119.7,6320082,61428,83
24-06-2021,126.9,126.95,120.5,120.5,1255873,22391,85.45
23-06-2021,132.9,132.9,120.3,125.95,15105797,131001,86.4
23-06-2021,132,132.9,120.3,126.8,2308925,26036,85.85
22-06-2021,125.75,126.6,124,126.6,4083674,22520,87.2
22-06-2021,125.7,126.6,124.9,126.6,944907,7489,83.3
21-06-2021,109.2,120.6,109.2,120.6,12143239,64189,83.3
21-06-2021,109.2,120.6,109.2,120.6,3927668,35085,84.5
18-06-2021,114.9,114.9,114.9,114.9,1711957,16136,83.1
18-06-2021,114.9,114.9,114.9,114.9,361485,8227,82.45
17-06-2021,120.9,120.9,120.9,120.9,619476,11485,77.6
17-06-2021,120.9,120.9,120.9,120.9,213842,5846,77.6
16-06-2021,127.25,127.25,127.25,127.25,803896,13868,75.9
16-06-2021,127.25,127.25,127.25,127.25,277659,7493,75.6
15-06-2021,133.9,138,133.9,133.9,5925109,45686,77.2
15-06-2021,133.9,137.5,133.9,133.9,1762128,21965,78
14-06-2021,140.9,140.9,140.9,140.9,2129919,29502,75.45
14-06-2021,140.9,140.9,140.9,140.9,857113,18532,74.55
11-06-2021,159,159.5,147,148.3,34259683,223080,73
11-06-2021,158.95,159.45,147,148.3,5448322,91234,68
10-06-2021,157.35,164,153,154.1,57693663,297557,76
10-06-2021,157.55,164,153,155.8,7894022,86617,75.25
09-06-2021,156,166.9,138.5,152.35,192437396,827286,76.45
09-06-2021,156.4,167.05,138.2,152.35,29848097,247465,75.45
08-06-2021,134,152.25,131.6,151.75,221394940,885215,73.45
08-06-2021,134,152.3,131.75,151.9,22667088,166392,73.2
07-06-2021,112.55,126.9,111.25,126.9,115150200,376499,73.45
07-06-2021,112,126.95,111.5,126.95,12294636,87158,72.7
04-06-2021,101.4,105.75,99.35,105.75,56499148,131722,72.9
04-06-2021,101,105.8,99.3,105.8,8746193,44330,73.2
03-06-2021,97.5,101.2,97,100.75,50469406,139435,72.9
03-06-2021,97.45,101.25,97,100.8,7854264,49734,71.5
02-06-2021,95.95,99.4,95.5,96.4,30757739,107061,68.5
02-06-2021,95.7,99.4,95.45,96.45,4631326,34095,69.15
01-06-2021,94,97.1,91.8,95.35,31744300,102759,65.45
01-06-2021,94.3,97.1,91.9,95.4,2536872,11276,63.35
31-05-2021,92.65,94.25,92.25,92.5,9824879,61871,62.2
31-05-2021,93,94.4,92.1,92.5,940959,8868,60.55
28-05-2021,95.9,97,90.75,91.95,26184911,122366,59.65
28-05-2021,96,97,90.8,91.95,3703257,36291,58.55
27-05-2021,100,100,94.3,95.15,34549950,125145,59.3
27-05-2021,99.45,100.05,94.4,95.2,3610684,31845,60.55
26-05-2021,101.25,101.35,99.05,99.25,6353977,37883,57.9
26-05-2021,101,101.4,99.1,99.35,596047,5790,56
25-05-2021,102,102.5,100,100.4,8580609,37114,55.8
25-05-2021,101.55,102.45,100,100.4,940132,6912,55.25
24-05-2021,101.7,103,101,101.05,9135891,38658,57.25
24-05-2021,101.95,103,101,101.05,2118398,13326,57.65
21-05-2021,101,102.75,100.5,101.1,12929388,42520,55.5
21-05-2021,101.9,102.8,100.05,101.15,640664,6338,55.5
20-05-2021,103,103.95,98.95,100.1,19130202,57775,55.1
20-05-2021,103,104,99,100.05,3547631,17441,53.5
19-05-2021,103.7,106.95,101.3,102.4,39269687,131486,53.65
19-05-2021,103.45,106.9,101.35,102.45,3693407,17508,52.95
18-05-2021,97.9,101.9,97.1,101.9,24442247,58865,52.9
18-05-2021,98,101.85,97.15,101.85,2995163,7025,52.55
17-05-2021,96.3,98.4,96.25,97.05,7355491,28448,52
17-05-2021,96.85,98.35,96.2,97,2712963,8942,54.4
14-05-2021,98.4,98.4,94,95.8,11732901,37711,54.45
14-05-2021,97.55,98.5,94,95.85,1495153,11999,55.25
12-05-2021,99.95,100.8,97,97.45,9154563,33053,55.75
12-05-2021,99.5,100.7,97.05,97.45,1869622,10856,53.1
11-05-2021,97.95,101,97.35,99,13877015,52467,55.1
11-05-2021,98,101,97.25,99,2545876,16600,54.95
10-05-2021,98,99.8,97.05,98.5,13916610,63311,54.9
10-05-2021,97.25,99.8,97,98.55,3562072,18261,53.3
07-05-2021,99,100,96.7,97.05,12929540,51742,53.6
07-05-2021,100,100,96.75,97.05,1700416,13835,54.4
06-05-2021,98,98.9,96,96.85,8217422,37865,52.9
06-05-2021,98.45,98.9,96,96.9,618395,4964,54.45
05-05-2021,96.75,98.8,96.1,97.05,19274515,42150,55.25
05-05-2021,96.25,98.75,96.1,97,3353668,5636,56.1
04-05-2021,96.7,99,94.35,95.7,21392613,50847,54.95
04-05-2021,97.4,98.9,94.35,95.65,3795535,14027,54.4
03-05-2021,94,97.65,92.05,95.55,13412752,55317,54.45
03-05-2021,94.8,97.65,92.2,95.55,1154448,6742,53.5
30-04-2021,95.1,98.3,94.45,94.75,17345279,54229,54
30-04-2021,95.65,98.35,94.4,94.75,3866289,7000,54.15
29-04-2021,96.9,99.2,95.7,97,41341948,100623,53.5
29-04-2021,97.3,99.25,95.75,96.95,8724922,28746,50.65
28-04-2021,91.2,94.5,90.3,94.5,11998231,43893,52.8
28-04-2021,91,94.55,90.35,94.55,1972936,12503,52
27-04-2021,88.3,90.75,87.75,90,8916372,41162,53
27-04-2021,88.6,90.7,87.8,90.05,649030,4765,56
26-04-2021,88.6,89.7,87,87.75,7052722,34175,57
26-04-2021,89.25,89.7,87.05,87.7,405913,3920,57.5
23-04-2021,86.8,90.75,86.45,87.8,11125028,45600,58.2
23-04-2021,86.2,90.65,86.2,87.8,1697899,11926,57.2
22-04-2021,86.1,88.3,85.2,87.2,12818441,55011,57
22-04-2021,86.5,88.4,85.2,87.25,1071197,6077,56
20-04-2021,89.95,90.65,85,87.15,11873826,57610,55.85
20-04-2021,89.7,90.7,85,87.05,1111424,6597,55
19-04-2021,88,89.95,87.2,87.45,15381214,67457,57.5
19-04-2021,88,89.95,87.3,87.45,2307023,17621,59.9
16-04-2021,91.7,94.6,90.8,91.75,16439433,69844,59.9
16-04-2021,91.9,94.55,91.1,91.85,926892,6538,61.1
15-04-2021,88.55,92.4,88.5,90.75,21099016,85313,59.95
15-04-2021,88.25,92.35,88.25,90.7,1336434,7965,60
13-04-2021,89.55,95,88.3,90.6,28128438,100589,61.65
13-04-2021,89.1,94.9,88.3,90.35,4065625,26980,62.45
12-04-2021,94.4,94.4,92.8,92.8,15853703,46409,63
12-04-2021,93,94.3,92.9,92.9,2332217,14056,60.5
09-04-2021,97.4,99.8,94.6,97.65,18604791,65480,61.8
09-04-2021,97,99.7,94,97.75,2592479,16501,62.5
08-04-2021,100.6,102,96.8,97.4,19905893,98972,62.85
08-04-2021,100.55,101.95,97,97.4,3178505,24482,56.1
07-04-2021,103.3,103.3,95.5,99.95,60992792,251953,56.1
07-04-2021,103.3,103.3,95.5,99.95,8672849,55772,56.25
06-04-2021,97.9,98.4,97.5,98.4,3367192,10786,55.15
06-04-2021,98.4,98.4,97.5,98.4,763063,3573,56.75
05-04-2021,92.4,93.75,89.2,93.75,26119543,86659,55
05-04-2021,92.3,93.75,89.3,93.75,1987020,9718,52
01-04-2021,83.2,89.3,81.35,89.3,43478357,110148,52
01-04-2021,83.05,89.3,81.35,89.3,2444303,13222,50.45
31-03-2021,86.15,87.7,85.05,85.05,15893871,55804,49.8
31-03-2021,86.25,88,85.05,85.05,911103,5227,48.9
30-03-2021,95,95.55,89.5,89.5,22501268,81665,49.7
30-03-2021,95,96,89.5,89.5,1443103,8514,49.4
26-03-2021,99.2,103,94.2,94.2,28056328,116682,48.7
26-03-2021,99.4,103,94.2,94.2,1685881,13917,48
25-03-2021,105.4,108.7,99.15,99.15,48575495,185385,50
25-03-2021,105.55,109,99.15,99.15,3120714,25453,49.25
24-03-2021,105.9,106.65,99.55,104.35,23899912,89059,49.75
24-03-2021,105.8,106.7,99.5,104.35,4353483,22209,48.9
23-03-2021,101.6,101.6,100,101.6,10903571,26566,50.15
23-03-2021,101.65,101.65,100.1,101.65,2208253,7278,50.2
22-03-2021,93.5,96.8,93.5,96.8,26846097,74678,49
22-03-2021,93,96.85,93,96.85,4614165,18520,49.1
19-03-2021,88,93,84.8,92.2,40856831,143114,49.6
19-03-2021,88.15,93.05,84.7,92.25,3462410,13112,47.8
18-03-2021,90.35,91.4,85.5,89.25,49924318,185490,47.65
18-03-2021,90,91.5,85.55,89.15,3861445,18514,48.15
17-03-2021,84.4,87.25,84.05,87.2,39254374,103520,48.95
17-03-2021,85,87.2,84,87.15,4103404,11169,51
16-03-2021,81.5,83.25,80,83.1,33636791,107817,50.2
16-03-2021,81.4,83.2,80,83.05,2756344,11412,52.25
15-03-2021,77,79.3,74.1,79.3,24477736,83505,51.35
15-03-2021,77.6,79.25,74.1,79.25,2324099,8974,50.5
12-03-2021,75.5,79.3,73.95,75.55,38391001,127119,50.9
12-03-2021,75,79.3,74.05,75.5,5526751,32450,50.7
10-03-2021,83,84.35,77.8,77.8,32046833,121396,46.95
10-03-2021,84,84.3,77.9,77.9,4148715,29503,44.9
09-03-2021,81.8,81.95,76.1,81.85,55769672,190248,45.1
09-03-2021,82.05,82.05,76,81.95,9043631,40975,46.75
08-03-2021,76.35,78.05,76,78.05,8994128,22854,44.25
08-03-2021,76.45,78.15,76,78.15,1719803,8397,43
05-03-2021,73,74.9,68.25,74.35,52415895,124548,44.65
05-03-2021,73.1,74.95,68.2,74.45,8566348,28584,43.9
04-03-2021,63.7,71.35,63.2,71.35,29096275,73440,43.4
04-03-2021,64.85,71.4,62.4,71.4,4564089,16145,43.2
03-03-2021,64,66.65,63.25,64.9,37166788,118937,41.2
03-03-2021,63.85,66.6,63.5,64.95,3123829,15138,40.8
02-03-2021,56.25,61.3,56.1,61.3,33280011,71440,43.85
02-03-2021,56.1,61.25,56.05,61.25,2996648,7239,42.35
01-03-2021,55.85,56.5,55.4,55.75,4632559,14804,39
01-03-2021,56,56.5,55.45,55.7,733043,3798,42.8
26-02-2021,55.9,56.25,55.05,55.2,5637928,19196,42.8
26-02-2021,56,56.2,55,55.25,427368,2506,43.5
25-02-2021,55.8,57.25,55.5,56.5,9600214,25628,44.55
25-02-2021,55.95,57.2,55.5,56.5,1222176,6177,44.1
24-02-2021,55.7,56.25,55.05,55.25,2874207,9861,40.85
24-02-2021,55.2,56.2,54.9,55.3,625058,3229,43.5
23-02-2021,55.9,56.65,54.95,55.3,5327401,16001,41.05
23-02-2021,56.15,56.65,54.9,55.3,669975,4312,37.4
22-02-2021,56,57.35,54.85,55.5,8075120,25086,36.8
22-02-2021,56.2,57.35,54.9,55.75,799233,2415,36
19-02-2021,56,58.6,54.45,55.85,18821118,49051,36
19-02-2021,56,58.5,54.4,55.8,2553376,11805,33.6
18-02-2021,54.35,56.8,54.35,55.7,12151778,35694,32.95
18-02-2021,54.8,56.8,54.35,55.75,1564593,7747,34
17-02-2021,55.3,55.4,52.8,54.25,13374028,35040,34
17-02-2021,55.4,55.45,52.75,54.3,1317982,7494,32
16-02-2021,57.15,58.9,54.45,55.2,30672656,64143,32.4
16-02-2021,57.35,58.9,54.5,55.25,1409699,6144,31.45
15-02-2021,57.55,59.1,56.1,56.9,27142746,68757,31.4
15-02-2021,57.55,59.15,56.15,56.9,1562269,6253,30.65
12-02-2021,54,58.5,53.3,57.25,36327365,84815,27.45
12-02-2021,54,58.5,53.35,57.25,1974257,7022,29.3
11-02-2021,52.15,55.2,52.1,53.8,9731753,23028,29.4
11-02-2021,52,55.2,52,53.8,744990,2559,29.2
10-02-2021,53,53.1,52,52.1,4263047,15820,30.95
10-02-2021,52.7,53.1,52,52.1,260356,1050,30.9
09-02-2021,53.35,53.5,52.4,52.7,3897198,14481,31.9
09-02-2021,53.45,53.55,52.4,52.7,291634,1254,31.15
08-02-2021,52.85,54.5,52.6,53.05,4410119,15129,31.2
08-02-2021,53.3,54.5,52.75,53.05,375304,1953,31.2
05-02-2021,53,53.9,52.05,52.3,5894618,17121,31.25
05-02-2021,53.5,53.8,52.05,52.2,616155,1711,32.7
04-02-2021,52.7,54.85,52.55,53.25,9754786,27778,32.6
04-02-2021,52.95,54.85,52.75,53.2,754429,3612,32.75
03-02-2021,52.9,53.2,52.2,52.5,3936262,13294,33.55
03-02-2021,52.75,53.2,52.15,52.45,752064,3823,34.8
02-02-2021,53,53.85,51.4,52.5,4066305,14612,35.35
02-02-2021,53,53.8,51.35,52.5,609844,3802,35
01-02-2021,52,52.95,51,52.35,5059097,23201,36.95
01-02-2021,51.9,52.95,51.05,52.35,453235,2422,36.55
29-01-2021,49.95,51.45,49.5,51.3,5298883,15693,36
29-01-2021,49.85,51.5,49.5,51.3,784364,3556,34.9
28-01-2021,48.9,49.85,48.5,49,2826359,12953,31.1
28-01-2021,48.7,49.9,48.4,49.05,473768,3621,32
27-01-2021,50.95,51.15,49.4,49.6,4252119,18967,32.75
27-01-2021,51,51.7,49.45,49.65,335027,1790,34
25-01-2021,53.35,53.85,50.55,51.2,3944411,16099,34.2
25-01-2021,53.6,53.85,50.6,51.2,489825,1954,35.95
22-01-2021,53.8,54.6,52.6,52.85,4805723,19235,35
22-01-2021,53.75,54.55,52.55,52.85,741355,4625,34.15
21-01-2021,56,56.3,53.1,53.75,5170279,18335,32.75
21-01-2021,56.2,56.4,53.2,53.75,956104,4820,34.5
20-01-2021,55.5,56.05,55.05,55.55,4572267,18662,34.55
20-01-2021,55.5,56.05,55.15,55.55,395433,1811,34.4
19-01-2021,54,55.85,54,55.3,7141815,25026,39.75
19-01-2021,54.2,55.75,54,55.25,497900,2196,41
18-01-2021,54.2,54.9,52.6,53.55,6751449,18573,41.9
18-01-2021,54,54.85,52.75,53.5,1205592,5354,39
15-01-2021,54.1,54.95,52.75,54.1,5449209,21975,36.45
15-01-2021,53.6,54.95,52.75,54.15,1033177,5447,39.5
14-01-2021,52.75,54.8,52.75,53.95,4383524,21485,43
14-01-2021,53.6,54.75,53.25,53.95,405252,2002,43
13-01-2021,56.3,56.75,52.95,53.65,9072086,36213,44.3
13-01-2021,56.4,56.65,52.95,53.6,1661465,9478,44.45
12-01-2021,56.75,57.4,55,55.7,13272571,38817,44.8
12-01-2021,56.5,57.4,55,55.7,1999429,9387,47
11-01-2021,54.4,56.1,53.6,56.1,16938082,41843,48
11-01-2021,54.05,56.15,53.55,56.15,3556402,11897,49.25
08-01-2021,51.5,53.55,51.2,53.45,18350326,34622,51.3
08-01-2021,51.25,53.6,51.15,53.5,4857070,10800,51.85
07-01-2021,51.2,51.75,50.7,51,7211639,19478,51.9
07-01-2021,51.2,51.75,50.7,51.05,1263640,5258,51.8
06-01-2021,50,51.85,49,50.7,10891911,30450,52.8
06-01-2021,50,51.8,48.95,50.7,75855390,9382,52.25
05-01-2021,49.9,50.25,49,49.8,5864260,15343,54
05-01-2021,49.1,50.3,49.1,49.8,989589,4641,55.8
04-01-2021,50.7,50.9,49.9,50.2,6557749,18943,55.75
04-01-2021,50.85,50.85,49.9,50.2,1168670,5069,57.35
01-01-2021,49.8,50.5,49.8,50.15,4126797,15450,57.9
01-01-2021,50.1,50.5,49.75,50.15,298657,1365,57.9
,,,,,,,
,,,,,,,
,,,,,,,
,,,,,,,
,,,,,,,
,,,,,,,
,,,,,,,
,,,,,,,
,,,,,,,
,,,,,,,
,,,,,,,
,,,,,,,
,,,,,,,
,,,,,,,
,,,,,,,
,,,,,,,
,,,,,,,
,,,,,,,
,,,,,,,
,,,,,,,
,,,,,,,
,,,,,,,
,,,,,,,
,,,,,,,
,,,,,,,
,,,,,,,
,,,,,,,
,,,,,,,
,,,,,,,
,,,,,,,
,,,,,,,
,,,,,,,
,,,,,,,
,,,,,,,
,,,,,,,
,,,,,,,
,,,,,,,
,,,,,,,
,,,,,,,
,,,,,,,
,,,,,,,
,,,,,,,
,,,,,,,
,,,,,,,
,,,,,,,
,,,,,,,
,,,,,,,
,,,,,,,
,,,,,,,
,,,,,,,
,,,,,,,
,,,,,,,
,,,,,,,
,,,,,,,
,,,,,,,
,,,,,,,
,,,,,,,
,,,,,,,
,,,,,,,
,,,,,,,
,,,,,,,
,,,,,,,
,,,,,,,
,,,,,,,
,,,,,,,
,,,,,,,
,,,,,,,
,,,,,,,
,,,,,,,
,,,,,,,
,,,,,,,
,,,,,,,
,,,,,,,
,,,,,,,
,,,,,,,
,,,,,,,
,,,,,,,
,,,,,,,
,,,,,,,
,,,,,,,
,,,,,,,
,,,,,,,
,,,,,,,
,,,,,,,
,,,,,,,
,,,,,,,
,,,,,,,
,,,,,,,
,,,,,,,
,,,,,,,
,,,,,,,
,,,,,,,
,,,,,,,
,,,,,,,
,,,,,,,
,,,,,,,
,,,,,,,
,,,,,,,
,,,,,,,
,,,,,,,
,,,,,,,
,,,,,,,
,,,,,,,
,,,,,,,
,,,,,,,
,,,,,,,
,,,,,,,
,,,,,,,
,,,,,,,
,,,,,,,
,,,,,,,
,,,,,,,
,,,,,,,
,,,,,,,
,,,,,,,
,,,,,,,
,,,,,,,
,,,,,,,
,,,,,,,
,,,,,,,
,,,,,,,
,,,,,,,
,,,,,,,
,,,,,,,
,,,,,,,
,,,,,,,
,,,,,,,
,,,,,,,
,,,,,,,
,,,,,,,
,,,,,,,
,,,,,,,
,,,,,,,
,,,,,,,
,,,,,,,
,,,,,,,
,,,,,,,
,,,,,,,
,,,,,,,
,,,,,,,
,,,,,,,
,,,,,,,
,,,,,,,
,,,,,,,
,,,,,,,
,,,,,,,
,,,,,,,
,,,,,,,
,,,,,,,
,,,,,,,
,,,,,,,
,,,,,,,
,,,,,,,
,,,,,,,
,,,,,,,
,,,,,,,
,,,,,,,
,,,,,,,
,,,,,,,
,,,,,,,
,,,,,,,
,,,,,,,
,,,,,,,
,,,,,,,
,,,,,,,
,,,,,,,
,,,,,,,
,,,,,,,
,,,,,,,
,,,,,,,
,,,,,,,
,,,,,,,
,,,,,,,
,,,,,,,
,,,,,,,
,,,,,,,
,,,,,,,
,,,,,,,
,,,,,,,
,,,,,,,
,,,,,,,
,,,,,,,
,,,,,,,
,,,,,,,
,,,,,,,
,,,,,,,
,,,,,,,
,,,,,,,
,,,,,,,
,,,,,,,
,,,,,,,
,,,,,,,
,,,,,,,
,,,,,,,
,,,,,,,
,,,,,,,
,,,,,,,
,,,,,,,
,,,,,,,
,,,,,,,
,,,,,,,
,,,,,,,
,,,,,,,
,,,,,,,
,,,,,,,
,,,,,,,
,,,,,,,
,,,,,,,
,,,,,,,
,,,,,,,
,,,,,,,
,,,,,,,
,,,,,,,
,,,,,,,
,,,,,,,
,,,,,,,
,,,,,,,
,,,,,,,
,,,,,,,
,,,,,,,
,,,,,,,
,,,,,,,
,,,,,,,
,,,,,,,
,,,,,,,
,,,,,,,
,,,,,,,
,,,,,,,
,,,,,,,
,,,,,,,
,,,,,,,
,,,,,,,
,,,,,,,
,,,,,,,
,,,,,,,
,,,,,,,
,,,,,,,
,,,,,,,
,,,,,,,
,,,,,,,
,,,,,,,
,,,,,,,
,,,,,,,
,,,,,,,
,,,,,,,
,,,,,,,
,,,,,,,
,,,,,,,
,,,,,,,
,,,,,,,
,,,,,,,
,,,,,,,
,,,,,,,
,,,,,,,
,,,,,,,
,,,,,,,
,,,,,,,
,,,,,,,
,,,,,,,
,,,,,,,
,,,,,,,
,,,,,,,
,,,,,,,
,,,,,,,
,,,,,,,
,,,,,,,
,,,,,,,
,,,,,,,
,,,,,,,
,,,,,,,
,,,,,,,
,,,,,,,
,,,,,,,
,,,,,,,
,,,,,,,
,,,,,,,
,,,,,,,
,,,,,,,
,,,,,,,
,,,,,,,
,,,,,,,
,,,,,,,
,,,,,,,
,,,,,,,
,,,,,,,
,,,,,,,
,,,,,,,
,,,,,,,
,,,,,,,
,,,,,,,
,,,,,,,
,,,,,,,
,,,,,,,
,,,,,,,
,,,,,,,
,,,,,,,
,,,,,,,
,,,,,,,
,,,,,,,
,,,,,,,
,,,,,,,
,,,,,,,
,,,,,,,
,,,,,,,
,,,,,,,
,,,,,,,
,,,,,,,
,,,,,,,
,,,,,,,
,,,,,,,
,,,,,,,
,,,,,,,
,,,,,,,
,,,,,,,
,,,,,,,
,,,,,,,
,,,,,,,
,,,,,,,
,,,,,,,
,,,,,,,
,,,,,,,
,,,,,,,
,,,,,,,
,,,,,,,
,,,,,,,
,,,,,,,
,,,,,,,
,,,,,,,
,,,,,,,
,,,,,,,
,,,,,,,
,,,,,,,
,,,,,,,
,,,,,,,
,,,,,,,
,,,,,,,
,,,,,,,
,,,,,,,
,,,,,,,
,,,,,,,
,,,,,,,
,,,,,,,
,,,,,,,
,,,,,,,
,,,,,,,
,,,,,,,
,,,,,,,
,,,,,,,
,,,,,,,
,,,,,,,
,,,,,,,
,,,,,,,
,,,,,,,
,,,,,,,
,,,,,,,
,,,,,,,
,,,,,,,
,,,,,,,
,,,,,,,
,,,,,,,
,,,,,,,
,,,,,,,
,,,,,,,
,,,,,,,
,,,,,,,
,,,,,,,
,,,,,,,
,,,,,,,
,,,,,,,
,,,,,,,
,,,,,,,
,,,,,,,
,,,,,,,
,,,,,,,
,,,,,,,
,,,,,,,
,,,,,,,
,,,,,,,
,,,,,,,
,,,,,,,
,,,,,,,
,,,,,,,
,,,,,,,
,,,,,,,
,,,,,,,
,,,,,,,
,,,,,,,
,,,,,,,
,,,,,,,
,,,,,,,
,,,,,,,
,,,,,,,
,,,,,,,
,,,,,,,
,,,,,,,
,,,,,,,
,,,,,,,
,,,,,,,
,,,,,,,
,,,,,,,
,,,,,,,
,,,,,,,
,,,,,,,
,,,,,,,
,,,,,,,
,,,,,,,
,,,,,,,
,,,,,,,
,,,,,,,
,,,,,,,
,,,,,,,
,,,,,,,
,,,,,,,
,,,,,,,
,,,,,,,
,,,,,,,
,,,,,,,
,,,,,,,
,,,,,,,
,,,,,,,
,,,,,,,
,,,,,,,
,,,,,,,
,,,,,,,
,,,,,,,
,,,,,,,
,,,,,,,
,,,,,,,
,,,,,,,
,,,,,,,
,,,,,,,
,,,,,,,
,,,,,,,
,,,,,,,
,,,,,,,
,,,,,,,
,,,,,,,
,,,,,,,
,,,,,,,
,,,,,,,
,,,,,,,
,,,,,,,
,,,,,,,
,,,,,,,
,,,,,,,
,,,,,,,
,,,,,,,
,,,,,,,
,,,,,,,
,,,,,,,
,,,,,,,
,,,,,,,
,,,,,,,
,,,,,,,
,,,,,,,
,,,,,,,
,,,,,,,
,,,,,,,
,,,,,,,
,,,,,,,
,,,,,,,
,,,,,,,
,,,,,,,
,,,,,,,
,,,,,,,
,,,,,,,
,,,,,,,
,,,,,,,
,,,,,,,
,,,,,,,
,,,,,,,
,,,,,,,
,,,,,,,
,,,,,,,
,,,,,,,
,,,,,,,
,,,,,,,
,,,,,,,
,,,,,,,
,,,,,,,
,,,,,,,
,,,,,,,
,,,,,,,
,,,,,,,
,,,,,,,
,,,,,,,
,,,,,,,
,,,,,,,
,,,,,,,
,,,,,,,
,,,,,,,
,,,,,,,
,,,,,,,
,,,,,,,
,,,,,,,
,,,,,,,
,,,,,,,
,,,,,,,
,,,,,,,
,,,,,,,
,,,,,,,
,,,,,,,
,,,,,,,
,,,,,,,
,,,,,,,
,,,,,,,
,,,,,,,
,,,,,,,
,,,,,,,
,,,,,,,
,,,,,,,
,,,,,,,
,,,,,,,
,,,,,,,
,,,,,,,
,,,,,,,
,,,,,,,
,,,,,,,
,,,,,,,
,,,,,,,
,,,,,,,
,,,,,,,
,,,,,,,
,,,,,,,
,,,,,,,
,,,,,,,
,,,,,,,
,,,,,,,
,,,,,,,
,,,,,,,
,,,,,,,
,,,,,,,
,,,,,,,
,,,,,,,
,,,,,,,
,,,,,,,
,,,,,,,
,,,,,,,
,,,,,,,
,,,,,,,
,,,,,,,
,,,,,,,
,,,,,,,
,,,,,,,
,,,,,,,
,,,,,,,
,,,,,,,
,,,,,,,
,,,,,,,
,,,,,,,
,,,,,,,
,,,,,,,
,,,,,,,
,,,,,,,
,,,,,,,
,,,,,,,
,,,,,,,
,,,,,,,
,,,,,,,
,,,,,,,
,,,,,,,
,,,,,,,
,,,,,,,
,,,,,,,
,,,,,,,
,,,,,,,
,,,,,,,
,,,,,,,
,,,,,,,
,,,,,,,
,,,,,,,
,,,,,,,
,,,,,,,
,,,,,,,
,,,,,,,
,,,,,,,
,,,,,,,
,,,,,,,
,,,,,,,
,,,,,,,
,,,,,,,
,,,,,,,
,,,,,,,
,,,,,,,
,,,,,,,
,,,,,,,
,,,,,,,
,,,,,,,
,,,,,,,
,,,,,,,
,,,,,,,
,,,,,,,
,,,,,,,
,,,,,,,
,,,,,,,
,,,,,,,
,,,,,,,
,,,,,,,
,,,,,,,
,,,,,,,
,,,,,,,
,,,,,,,
,,,,,,,
,,,,,,,
,,,,,,,
,,,,,,,
,,,,,,,
,,,,,,,
,,,,,,,
,,,,,,,
,,,,,,,
,,,,,,,
,,,,,,,
,,,,,,,
,,,,,,,
,,,,,,,
,,,,,,,
,,,,,,,
,,,,,,,
,,,,,,,
,,,,,,,
,,,,,,,
,,,,,,,
,,,,,,,
,,,,,,,
,,,,,,,
,,,,,,,
,,,,,,,
,,,,,,,
,,,,,,,
,,,,,,,
,,,,,,,
,,,,,,,
,,,,,,,
,,,,,,,
,,,,,,,
,,,,,,,
,,,,,,,
,,,,,,,
,,,,,,,
,,,,,,,
,,,,,,,
,,,,,,,
,,,,,,,
,,,,,,,
,,,,,,,
,,,,,,,
,,,,,,,
,,,,,,,
,,,,,,,
,,,,,,,
,,,,,,,
,,,,,,,
,,,,,,,
,,,,,,,
,,,,,,,
,,,,,,,
,,,,,,,
,,,,,,,
,,,,,,,
,,,,,,,
,,,,,,,
,,,,,,,
,,,,,,,
,,,,,,,
,,,,,,,
,,,,,,,
,,,,,,,
,,,,,,,
,,,,,,,
,,,,,,,
,,,,,,,
,,,,,,,
,,,,,,,
,,,,,,,
,,,,,,,
,,,,,,,
,,,,,,,
,,,,,,,
,,,,,,,
,,,,,,,
,,,,,,,
,,,,,,,
,,,,,,,
,,,,,,,
,,,,,,,
,,,,,,,
,,,,,,,
,,,,,,,
,,,,,,,
,,,,,,,
,,,,,,,
,,,,,,,
,,,,,,,
,,,,,,,
,,,,,,,
,,,,,,,
,,,,,,,
,,,,,,,
,,,,,,,
,,,,,,,
,,,,,,,
,,,,,,,
,,,,,,,
,,,,,,,
,,,,,,,
,,,,,,,
,,,,,,,
,,,,,,,
,,,,,,,
,,,,,,,
,,,,,,,
,,,,,,,
,,,,,,,
,,,,,,,
,,,,,,,
,,,,,,,
,,,,,,,
,,,,,,,
,,,,,,,
,,,,,,,
,,,,,,,
,,,,,,,
,,,,,,,
,,,,,,,
,,,,,,,
,,,,,,,
,,,,,,,
,,,,,,,
,,,,,,,
,,,,,,,
,,,,,,,
,,,,,,,
,,,,,,,
,,,,,,,
,,,,,,,
,,,,,,,
,,,,,,,
,,,,,,,
,,,,,,,
,,,,,,,
,,,,,,,
,,,,,,,
,,,,,,,
,,,,,,,
,,,,,,,
,,,,,,,
,,,,,,,
,,,,,,,
,,,,,,,
,,,,,,,
,,,,,,,
,,,,,,,
,,,,,,,
,,,,,,,
,,,,,,,
,,,,,,,
,,,,,,,
,,,,,,,
,,,,,,,
,,,,,,,
,,,,,,,
,,,,,,,
,,,,,,,
,,,,,,,
,,,,,,,
,,,,,,,
,,,,,,,
,,,,,,,
,,,,,,,
,,,,,,,
,,,,,,,
,,,,,,,
,,,,,,,
,,,,,,,
,,,,,,,
,,,,,,,
,,,,,,,
,,,,,,,
,,,,,,,
,,,,,,,
,,,,,,,
,,,,,,,
,,,,,,,
,,,,,,,
,,,,,,,
,,,,,,,
,,,,,,,
,,,,,,,
,,,,,,,
,,,,,,,
,,,,,,,
,,,,,,,
,,,,,,,
,,,,,,,
,,,,,,,
,,,,,,,
,,,,,,,
,,,,,,,
,,,,,,,
,,,,,,,
,,,,,,,
,,,,,,,
,,,,,,,
,,,,,,,
,,,,,,,
,,,,,,,
,,,,,,,
,,,,,,,
,,,,,,,
,,,,,,,
,,,,,,,
,,,,,,,
,,,,,,,
,,,,,,,
,,,,,,,
,,,,,,,
,,,,,,,
,,,,,,,
,,,,,,,
,,,,,,,
,,,,,,,
,,,,,,,
,,,,,,,
,,,,,,,
,,,,,,,
,,,,,,,
,,,,,,,
,,,,,,,
,,,,,,,
,,,,,,,
,,,,,,,
,,,,,,,
,,,,,,,
,,,,,,,
,,,,,,,
,,,,,,,
,,,,,,,
,,,,,,,
,,,,,,,
,,,,,,,
,,,,,,,
,,,,,,,
,,,,,,,
,,,,,,,
,,,,,,,
,,,,,,,
,,,,,,,
,,,,,,,
,,,,,,,
,,,,,,,
,,,,,,,
,,,,,,,
,,,,,,,
,,,,,,,
,,,,,,,
,,,,,,,
,,,,,,,
,,,,,,,
,,,,,,,
,,,,,,,
,,,,,,,
,,,,,,,
,,,,,,,
,,,,,,,
,,,,,,,
,,,,,,,
,,,,,,,
,,,,,,,
,,,,,,,
,,,,,,,
,,,,,,,
,,,,,,,
,,,,,,,
,,,,,,,
,,,,,,,
,,,,,,,
,,,,,,,
,,,,,,,
,,,,,,,
,,,,,,,
,,,,,,,
,,,,,,,
,,,,,,,
,,,,,,,
,,,,,,,
,,,,,,,
,,,,,,,
,,,,,,,
,,,,,,,
,,,,,,,
,,,,,,,
,,,,,,,
,,,,,,,
,,,,,,,
,,,,,,,
,,,,,,,
,,,,,,,
,,,,,,,
,,,,,,,
,,,,,,,
,,,,,,,
,,,,,,,
,,,,,,,
,,,,,,,
,,,,,,,
,,,,,,,
,,,,,,,
,,,,,,,
,,,,,,,
,,,,,,,
,,,,,,,
,,,,,,,
,,,,,,,
,,,,,,,
,,,,,,,
,,,,,,,
,,,,,,,
,,,,,,,
,,,,,,,
,,,,,,,
,,,,,,,
,,,,,,,
,,,,,,,
,,,,,,,
,,,,,,,
,,,,,,,
,,,,,,,
,,,,,,,
,,,,,,,
,,,,,,,
,,,,,,,
,,,,,,,
,,,,,,,
,,,,,,,
,,,,,,,
,,,,,,,
,,,,,,,
,,,,,,,
,,,,,,,
,,,,,,,
,,,,,,,
,,,,,,,
,,,,,,,
,,,,,,,
,,,,,,,
,,,,,,,
,,,,,,,
,,,,,,,
,,,,,,,
,,,,,,,
,,,,,,,
,,,,,,,
,,,,,,,
,,,,,,,
,,,,,,,
,,,,,,,
,,,,,,,
,,,,,,,
,,,,,,,
,,,,,,,
,,,,,,,
,,,,,,,
,,,,,,,
,,,,,,,
,,,,,,,
,,,,,,,
,,,,,,,
,,,,,,,
,,,,,,,
,,,,,,,
,,,,,,,
,,,,,,,
,,,,,,,
,,,,,,,
,,,,,,,
,,,,,,,
,,,,,,,
,,,,,,,
,,,,,,,
,,,,,,,
,,,,,,,
,,,,,,,
,,,,,,,
,,,,,,,
,,,,,,,
,,,,,,,
,,,,,,,
,,,,,,,
,,,,,,,
,,,,,,,
,,,,,,,
,,,,,,,
,,,,,,,
,,,,,,,
,,,,,,,
,,,,,,,
,,,,,,,
,,,,,,,
,,,,,,,
,,,,,,,
,,,,,,,
,,,,,,,
,,,,,,,
,,,,,,,
,,,,,,,
,,,,,,,
,,,,,,,
,,,,,,,
,,,,,,,
,,,,,,,
,,,,,,,
,,,,,,,
,,,,,,,
,,,,,,,
,,,,,,,
,,,,,,,
,,,,,,,
,,,,,,,
,,,,,,,
,,,,,,,
,,,,,,,
,,,,,,,
,,,,,,,
,,,,,,,
,,,,,,,
,,,,,,,
,,,,,,,
,,,,,,,
,,,,,,,
,,,,,,,
,,,,,,,
,,,,,,,
,,,,,,,
,,,,,,,
,,,,,,,
,,,,,,,
,,,,,,,
,,,,,,,
,,,,,,,
,,,,,,,
,,,,,,,
,,,,,,,
,,,,,,,
,,,,,,,
,,,,,,,
,,,,,,,
,,,,,,,
,,,,,,,
,,,,,,,
,,,,,,,
,,,,,,,
,,,,,,,
,,,,,,,
,,,,,,,
,,,,,,,
,,,,,,,
,,,,,,,
,,,,,,,
,,,,,,,
,,,,,,,
,,,,,,,
,,,,,,,
,,,,,,,
,,,,,,,
,,,,,,,
,,,,,,,
,,,,,,,
,,,,,,,
,,,,,,,
,,,,,,,
,,,,,,,
,,,,,,,
,,,,,,,
,,,,,,,
,,,,,,,
,,,,,,,
,,,,,,,
,,,,,,,
,,,,,,,
,,,,,,,
,,,,,,,
,,,,,,,
,,,,,,,
,,,,,,,
,,,,,,,
,,,,,,,
,,,,,,,
,,,,,,,
,,,,,,,
,,,,,,,
,,,,,,,
,,,,,,,
,,,,,,,
,,,,,,,
,,,,,,,
,,,,,,,
,,,,,,,
,,,,,,,
,,,,,,,
,,,,,,,
,,,,,,,
,,,,,,,
,,,,,,,
,,,,,,,
,,,,,,,
,,,,,,,
,,,,,,,
,,,,,,,
,,,,,,,
,,,,,,,
,,,,,,,
,,,,,,,
,,,,,,,
,,,,,,,
,,,,,,,
,,,,,,,
,,,,,,,
,,,,,,,
,,,,,,,
,,,,,,,
,,,,,,,
,,,,,,,
,,,,,,,
,,,,,,,
,,,,,,,
,,,,,,,
,,,,,,,
,,,,,,,
,,,,,,,
,,,,,,,
,,,,,,,
,,,,,,,
,,,,,,,
,,,,,,,
,,,,,,,
,,,,,,,
,,,,,,,
,,,,,,,
,,,,,,,
,,,,,,,
,,,,,,,
,,,,,,,
,,,,,,,
,,,,,,,
,,,,,,,
,,,,,,,
,,,,,,,
,,,,,,,
,,,,,,,
,,,,,,,
,,,,,,,
,,,,,,,
,,,,,,,
,,,,,,,
,,,,,,,
,,,,,,,
,,,,,,,
,,,,,,,
,,,,,,,
,,,,,,,
,,,,,,,
,,,,,,,
,,,,,,,
,,,,,,,
,,,,,,,
,,,,,,,
,,,,,,,
,,,,,,,
,,,,,,,
,,,,,,,
,,,,,,,
,,,,,,,
,,,,,,,
,,,,,,,
,,,,,,,
,,,,,,,
,,,,,,,
,,,,,,,
,,,,,,,
,,,,,,,
,,,,,,,
,,,,,,,
,,,,,,,
,,,,,,,
,,,,,,,
,,,,,,,
,,,,,,,
,,,,,,,
,,,,,,,
,,,,,,,
,,,,,,,
,,,,,,,
,,,,,,,
,,,,,,,
,,,,,,,
,,,,,,,
,,,,,,,
,,,,,,,
,,,,,,,
,,,,,,,
,,,,,,,
,,,,,,,
,,,,,,,
,,,,,,,
,,,,,,,
,,,,,,,
,,,,,,,
,,,,,,,
,,,,,,,
,,,,,,,
,,,,,,,
,,,,,,,
,,,,,,,
,,,,,,,
,,,,,,,
,,,,,,,
,,,,,,,
,,,,,,,
,,,,,,,
,,,,,,,
,,,,,,,
,,,,,,,
,,,,,,,
,,,,,,,
,,,,,,,
,,,,,,,
,,,,,,,
,,,,,,,
,,,,,,,
,,,,,,,
,,,,,,,
,,,,,,,
,,,,,,,
,,,,,,,
,,,,,,,
,,,,,,,
,,,,,,,
,,,,,,,
,,,,,,,
,,,,,,,
,,,,,,,
,,,,,,,
,,,,,,,
,,,,,,,
,,,,,,,
,,,,,,,
,,,,,,,
,,,,,,,
,,,,,,,
,,,,,,,
,,,,,,,
,,,,,,,
,,,,,,,
,,,,,,,
,,,,,,,
,,,,,,,
,,,,,,,
,,,,,,,
,,,,,,,
,,,,,,,
,,,,,,,
,,,,,,,
,,,,,,,
,,,,,,,
,,,,,,,
,,,,,,,
,,,,,,,
,,,,,,,
,,,,,,,
,,,,,,,
,,,,,,,
,,,,,,,
,,,,,,,
,,,,,,,
,,,,,,,
,,,,,,,
,,,,,,,
,,,,,,,
,,,,,,,
,,,,,,,
,,,,,,,
,,,,,,,
,,,,,,,
,,,,,,,
,,,,,,,
,,,,,,,
,,,,,,,
,,,,,,,
,,,,,,,
,,,,,,,
,,,,,,,
,,,,,,,
,,,,,,,
,,,,,,,
,,,,,,,
,,,,,,,
,,,,,,,
,,,,,,,
,,,,,,,
,,,,,,,
,,,,,,,
,,,,,,,
,,,,,,,
,,,,,,,
,,,,,,,
,,,,,,,
,,,,,,,
,,,,,,,
,,,,,,,
,,,,,,,
,,,,,,,
,,,,,,,
,,,,,,,
,,,,,,,
,,,,,,,
,,,,,,,
,,,,,,,
,,,,,,,
,,,,,,,
,,,,,,,
,,,,,,,
,,,,,,,
,,,,,,,
,,,,,,,
,,,,,,,
,,,,,,,
,,,,,,,
,,,,,,,
,,,,,,,
,,,,,,,
,,,,,,,
,,,,,,,
,,,,,,,
,,,,,,,
,,,,,,,
,,,,,,,
,,,,,,,
,,,,,,,
,,,,,,,
,,,,,,,
,,,,,,,
,,,,,,,
,,,,,,,
,,,,,,,
,,,,,,,
,,,,,,,
,,,,,,,
,,,,,,,
,,,,,,,
,,,,,,,
,,,,,,,
,,,,,,,
,,,,,,,
,,,,,,,
,,,,,,,
,,,,,,,
,,,,,,,
,,,,,,,
,,,,,,,
,,,,,,,
,,,,,,,
,,,,,,,
,,,,,,,
,,,,,,,
,,,,,,,
,,,,,,,
,,,,,,,
,,,,,,,
,,,,,,,
,,,,,,,
,,,,,,,
,,,,,,,
,,,,,,,
,,,,,,,
,,,,,,,
,,,,,,,
,,,,,,,
,,,,,,,
,,,,,,,
,,,,,,,
,,,,,,,
,,,,,,,
,,,,,,,
,,,,,,,
,,,,,,,
,,,,,,,
,,,,,,,
,,,,,,,
,,,,,,,
,,,,,,,
,,,,,,,
,,,,,,,
,,,,,,,
,,,,,,,
,,,,,,,
,,,,,,,
,,,,,,,
,,,,,,,
,,,,,,,
,,,,,,,
,,,,,,,
,,,,,,,
,,,,,,,
,,,,,,,
,,,,,,,
,,,,,,,
,,,,,,,
,,,,,,,
,,,,,,,
,,,,,,,
,,,,,,,
,,,,,,,
,,,,,,,
,,,,,,,
,,,,,,,
,,,,,,,
,,,,,,,
,,,,,,,
,,,,,,,
,,,,,,,
,,,,,,,
,,,,,,,
,,,,,,,
,,,,,,,
,,,,,,,
,,,,,,,
,,,,,,,
,,,,,,,
,,,,,,,
,,,,,,,
,,,,,,,
,,,,,,,
,,,,,,,
,,,,,,,
,,,,,,,
,,,,,,,
,,,,,,,
,,,,,,,
,,,,,,,
,,,,,,,
,,,,,,,
,,,,,,,
,,,,,,,
,,,,,,,
,,,,,,,
,,,,,,,
,,,,,,,
,,,,,,,
,,,,,,,
,,,,,,,
,,,,,,,
,,,,,,,
,,,,,,,
,,,,,,,
,,,,,,,
,,,,,,,
,,,,,,,
,,,,,,,
,,,,,,,
,,,,,,,
,,,,,,,
,,,,,,,
,,,,,,,
,,,,,,,
,,,,,,,
,,,,,,,
,,,,,,,
,,,,,,,
,,,,,,,
,,,,,,,
,,,,,,,
,,,,,,,
,,,,,,,
,,,,,,,
,,,,,,,
,,,,,,,
,,,,,,,
,,,,,,,
,,,,,,,
,,,,,,,
,,,,,,,
,,,,,,,
,,,,,,,
,,,,,,,
,,,,,,,
,,,,,,,
,,,,,,,
,,,,,,,
,,,,,,,
,,,,,,,
,,,,,,,
,,,,,,,
,,,,,,,
,,,,,,,
,,,,,,,
,,,,,,,
,,,,,,,
,,,,,,,
,,,,,,,
,,,,,,,
,,,,,,,
,,,,,,,
,,,,,,,
,,,,,,,
,,,,,,,
,,,,,,,
,,,,,,,
,,,,,,,
,,,,,,,
,,,,,,,
,,,,,,,
,,,,,,,
,,,,,,,
,,,,,,,
,,,,,,,
,,,,,,,
,,,,,,,
,,,,,,,
,,,,,,,
,,,,,,,
,,,,,,,
,,,,,,,
,,,,,,,
,,,,,,,
,,,,,,,
,,,,,,,
,,,,,,,
,,,,,,,
,,,,,,,
,,,,,,,
,,,,,,,
,,,,,,,
,,,,,,,
,,,,,,,
,,,,,,,
,,,,,,,
,,,,,,,
,,,,,,,
,,,,,,,
,,,,,,,
,,,,,,,
,,,,,,,
,,,,,,,
,,,,,,,
,,,,,,,
,,,,,,,
,,,,,,,
,,,,,,,
,,,,,,,
,,,,,,,
,,,,,,,
,,,,,,,
,,,,,,,
,,,,,,,
,,,,,,,
,,,,,,,
,,,,,,,
,,,,,,,
,,,,,,,
,,,,,,,
,,,,,,,
,,,,,,,
,,,,,,,
,,,,,,,
,,,,,,,
,,,,,,,
,,,,,,,
,,,,,,,
,,,,,,,
,,,,,,,
,,,,,,,
,,,,,,,
,,,,,,,
,,,,,,,
,,,,,,,
,,,,,,,
,,,,,,,
,,,,,,,
,,,,,,,
,,,,,,,
,,,,,,,
,,,,,,,
,,,,,,,
,,,,,,,
,,,,,,,
,,,,,,,
,,,,,,,
,,,,,,,
,,,,,,,
,,,,,,,
,,,,,,,
,,,,,,,
,,,,,,,
,,,,,,,
,,,,,,,
,,,,,,,
,,,,,,,
,,,,,,,
,,,,,,,
,,,,,,,
,,,,,,,
,,,,,,,
,,,,,,,
,,,,,,,
,,,,,,,
,,,,,,,
,,,,,,,
,,,,,,,
,,,,,,,
,,,,,,,
,,,,,,,
,,,,,,,
,,,,,,,
,,,,,,,
,,,,,,,
,,,,,,,
,,,,,,,
,,,,,,,
,,,,,,,
,,,,,,,
,,,,,,,
,,,,,,,
,,,,,,,
,,,,,,,
,,,,,,,
,,,,,,,
,,,,,,,
,,,,,,,
,,,,,,,
,,,,,,,
,,,,,,,
,,,,,,,
,,,,,,,
,,,,,,,
,,,,,,,
,,,,,,,
,,,,,,,
,,,,,,,
,,,,,,,
,,,,,,,
,,,,,,,
,,,,,,,
,,,,,,,
,,,,,,,
,,,,,,,
,,,,,,,
,,,,,,,
,,,,,,,
,,,,,,,
,,,,,,,
,,,,,,,
,,,,,,,
,,,,,,,
,,,,,,,
,,,,,,,
,,,,,,,
,,,,,,,
,,,,,,,
,,,,,,,
,,,,,,,
,,,,,,,
,,,,,,,
,,,,,,,
,,,,,,,
,,,,,,,
,,,,,,,
,,,,,,,
,,,,,,,
,,,,,,,
,,,,,,,
,,,,,,,
,,,,,,,
,,,,,,,
,,,,,,,
,,,,,,,
,,,,,,,
,,,,,,,
,,,,,,,
,,,,,,,
,,,,,,,
,,,,,,,
,,,,,,,
,,,,,,,
,,,,,,,
,,,,,,,
,,,,,,,
,,,,,,,
,,,,,,,
,,,,,,,
,,,,,,,
,,,,,,,
,,,,,,,
,,,,,,,
,,,,,,,
,,,,,,,
,,,,,,,
,,,,,,,
,,,,,,,
,,,,,,,
,,,,,,,
,,,,,,,
,,,,,,,
,,,,,,,
,,,,,,,
,,,,,,,
,,,,,,,
,,,,,,,
,,,,,,,
,,,,,,,
,,,,,,,
,,,,,,,
,,,,,,,
,,,,,,,
,,,,,,,
,,,,,,,
,,,,,,,
,,,,,,,
,,,,,,,
,,,,,,,
,,,,,,,
,,,,,,,
,,,,,,,
,,,,,,,
,,,,,,,
,,,,,,,
,,,,,,,
,,,,,,,
,,,,,,,
,,,,,,,
,,,,,,,
,,,,,,,
,,,,,,,
,,,,,,,
,,,,,,,
,,,,,,,
,,,,,,,
,,,,,,,
,,,,,,,
,,,,,,,
,,,,,,,
,,,,,,,
,,,,,,,
,,,,,,,
,,,,,,,
,,,,,,,
,,,,,,,
,,,,,,,
,,,,,,,
,,,,,,,
,,,,,,,
,,,,,,,
,,,,,,,
,,,,,,,
,,,,,,,
,,,,,,,
,,,,,,,
,,,,,,,
,,,,,,,
,,,,,,,
,,,,,,,
,,,,,,,
,,,,,,,
,,,,,,,
,,,,,,,
,,,,,,,
,,,,,,,
,,,,,,,
,,,,,,,
,,,,,,,
,,,,,,,
,,,,,,,
,,,,,,,
,,,,,,,
,,,,,,,
,,,,,,,
,,,,,,,
,,,,,,,
,,,,,,,
,,,,,,,
,,,,,,,
,,,,,,,
,,,,,,,
,,,,,,,
,,,,,,,
,,,,,,,
,,,,,,,
,,,,,,,
,,,,,,,
,,,,,,,
,,,,,,,
,,,,,,,
,,,,,,,
,,,,,,,
,,,,,,,
,,,,,,,
,,,,,,,
,,,,,,,
,,,,,,,
,,,,,,,
,,,,,,,
,,,,,,,
,,,,,,,
,,,,,,,
,,,,,,,
,,,,,,,
,,,,,,,
,,,,,,,
,,,,,,,
,,,,,,,
,,,,,,,
,,,,,,,
,,,,,,,
,,,,,,,
,,,,,,,
,,,,,,,
,,,,,,,
,,,,,,,
,,,,,,,
,,,,,,,
,,,,,,,
,,,,,,,
,,,,,,,
,,,,,,,
,,,,,,,
,,,,,,,
,,,,,,,
,,,,,,,
,,,,,,,
,,,,,,,
,,,,,,,
,,,,,,,
,,,,,,,
,,,,,,,
,,,,,,,
,,,,,,,
,,,,,,,
,,,,,,,
,,,,,,,
,,,,,,,
,,,,,,,
,,,,,,,
,,,,,,,
,,,,,,,
,,,,,,,
,,,,,,,
,,,,,,,
,,,,,,,
,,,,,,,
,,,,,,,
,,,,,,,
,,,,,,,
,,,,,,,
,,,,,,,
,,,,,,,
,,,,,,,
,,,,,,,
,,,,,,,
,,,,,,,
,,,,,,,
,,,,,,,
,,,,,,,
,,,,,,,
,,,,,,,
,,,,,,,
,,,,,,,
,,,,,,,
,,,,,,,
,,,,,,,
,,,,,,,
,,,,,,,
,,,,,,,
,,,,,,,
,,,,,,,
,,,,,,,
,,,,,,,
,,,,,,,
,,,,,,,
,,,,,,,
,,,,,,,
,,,,,,,
,,,,,,,
,,,,,,,
,,,,,,,
,,,,,,,
,,,,,,,
,,,,,,,
,,,,,,,
,,,,,,,
,,,,,,,
,,,,,,,
,,,,,,,
,,,,,,,
,,,,,,,
,,,,,,,
,,,,,,,
,,,,,,,
,,,,,,,
,,,,,,,
,,,,,,,
,,,,,,,
,,,,,,,
,,,,,,,
,,,,,,,
,,,,,,,
,,,,,,,
,,,,,,,
,,,,,,,
,,,,,,,
,,,,,,,
,,,,,,,
,,,,,,,
,,,,,,,
,,,,,,,
,,,,,,,
,,,,,,,
,,,,,,,
,,,,,,,
,,,,,,,
,,,,,,,
,,,,,,,
,,,,,,,
,,,,,,,
,,,,,,,
,,,,,,,
,,,,,,,
,,,,,,,
,,,,,,,
,,,,,,,
,,,,,,,
,,,,,,,
,,,,,,,
,,,,,,,
,,,,,,,
,,,,,,,
,,,,,,,
,,,,,,,
,,,,,,,
,,,,,,,
,,,,,,,
,,,,,,,
,,,,,,,
,,,,,,,
,,,,,,,
,,,,,,,
,,,,,,,
,,,,,,,
,,,,,,,
,,,,,,,
,,,,,,,
,,,,,,,
,,,,,,,
,,,,,,,
,,,,,,,
,,,,,,,
,,,,,,,
,,,,,,,
,,,,,,,
,,,,,,,
,,,,,,,
,,,,,,,
,,,,,,,
,,,,,,,
,,,,,,,
,,,,,,,
,,,,,,,
,,,,,,,
,,,,,,,
,,,,,,,
,,,,,,,
,,,,,,,
,,,,,,,
,,,,,,,
,,,,,,,
,,,,,,,
,,,,,,,
,,,,,,,
,,,,,,,
,,,,,,,
,,,,,,,
,,,,,,,
,,,,,,,
,,,,,,,
,,,,,,,
,,,,,,,
,,,,,,,
,,,,,,,
,,,,,,,
,,,,,,,
,,,,,,,
,,,,,,,
,,,,,,,
,,,,,,,
,,,,,,,
,,,,,,,
,,,,,,,
,,,,,,,
,,,,,,,
,,,,,,,
,,,,,,,
,,,,,,,
,,,,,,,
,,,,,,,
,,,,,,,
,,,,,,,
,,,,,,,
,,,,,,,
,,,,,,,
,,,,,,,
,,,,,,,
,,,,,,,
,,,,,,,
,,,,,,,
,,,,,,,
,,,,,,,
,,,,,,,
,,,,,,,
,,,,,,,
,,,,,,,
,,,,,,,
,,,,,,,
,,,,,,,
,,,,,,,
,,,,,,,
,,,,,,,
,,,,,,,
,,,,,,,
,,,,,,,
,,,,,,,
,,,,,,,
,,,,,,,
,,,,,,,
,,,,,,,
,,,,,,,
,,,,,,,
,,,,,,,
,,,,,,,
,,,,,,,
,,,,,,,
,,,,,,,
,,,,,,,
,,,,,,,
,,,,,,,
,,,,,,,
,,,,,,,
,,,,,,,
,,,,,,,
,,,,,,,
,,,,,,,
,,,,,,,
,,,,,,,
,,,,,,,
,,,,,,,
,,,,,,,
,,,,,,,
,,,,,,,
,,,,,,,
,,,,,,,
,,,,,,,
,,,,,,,
,,,,,,,
,,,,,,,
,,,,,,,
,,,,,,,
,,,,,,,
,,,,,,,
,,,,,,,
,,,,,,,
,,,,,,,
,,,,,,,
,,,,,,,
,,,,,,,
,,,,,,,
,,,,,,,
,,,,,,,
,,,,,,,
,,,,,,,
,,,,,,,
,,,,,,,
,,,,,,,
,,,,,,,
,,,,,,,
,,,,,,,
,,,,,,,
,,,,,,,
,,,,,,,
,,,,,,,
,,,,,,,
,,,,,,,
,,,,,,,
,,,,,,,
,,,,,,,
,,,,,,,
,,,,,,,
,,,,,,,
,,,,,,,
,,,,,,,
,,,,,,,
,,,,,,,
,,,,,,,
,,,,,,,
,,,,,,,
,,,,,,,
,,,,,,,
,,,,,,,
,,,,,,,
,,,,,,,
,,,,,,,
,,,,,,,
,,,,,,,
,,,,,,,
,,,,,,,
,,,,,,,
,,,,,,,
,,,,,,,
,,,,,,,
,,,,,,,
,,,,,,,
,,,,,,,
,,,,,,,
,,,,,,,
,,,,,,,
,,,,,,,
,,,,,,,
,,,,,,,
,,,,,,,
,,,,,,,
,,,,,,,
,,,,,,,
,,,,,,,
,,,,,,,
,,,,,,,
,,,,,,,
,,,,,,,
,,,,,,,
,,,,,,,
,,,,,,,
,,,,,,,
,,,,,,,
,,,,,,,
,,,,,,,
,,,,,,,
,,,,,,,
,,,,,,,
,,,,,,,
,,,,,,,
,,,,,,,
,,,,,,,
,,,,,,,
,,,,,,,
,,,,,,,
,,,,,,,
,,,,,,,
,,,,,,,
,,,,,,,
,,,,,,,
,,,,,,,
,,,,,,,
,,,,,,,
,,,,,,,
,,,,,,,
,,,,,,,
,,,,,,,
,,,,,,,
,,,,,,,
,,,,,,,
,,,,,,,
,,,,,,,
,,,,,,,
,,,,,,,
,,,,,,,
,,,,,,,
,,,,,,,
,,,,,,,
,,,,,,,
,,,,,,,
,,,,,,,
,,,,,,,
,,,,,,,
,,,,,,,
,,,,,,,
,,,,,,,
,,,,,,,
,,,,,,,
,,,,,,,
,,,,,,,
,,,,,,,
,,,,,,,
,,,,,,,
,,,,,,,
,,,,,,,
,,,,,,,
,,,,,,,
,,,,,,,
,,,,,,,
,,,,,,,
,,,,,,,
,,,,,,,
,,,,,,,
,,,,,,,
,,,,,,,
,,,,,,,
,,,,,,,
,,,,,,,
,,,,,,,
,,,,,,,
,,,,,,,
,,,,,,,
,,,,,,,
,,,,,,,
,,,,,,,
,,,,,,,
,,,,,,,
,,,,,,,
,,,,,,,
,,,,,,,
,,,,,,,
,,,,,,,
,,,,,,,
,,,,,,,
,,,,,,,
,,,,,,,
,,,,,,,
,,,,,,,
,,,,,,,
,,,,,,,
,,,,,,,
,,,,,,,
,,,,,,,
,,,,,,,
,,,,,,,
,,,,,,,
,,,,,,,
,,,,,,,
,,,,,,,
,,,,,,,
,,,,,,,
,,,,,,,
,,,,,,,
,,,,,,,
,,,,,,,
,,,,,,,
,,,,,,,
,,,,,,,
,,,,,,,
,,,,,,,
,,,,,,,
,,,,,,,
,,,,,,,
,,,,,,,
,,,,,,,
,,,,,,,
,,,,,,,
,,,,,,,
,,,,,,,
,,,,,,,
,,,,,,,
,,,,,,,
,,,,,,,
,,,,,,,
,,,,,,,
,,,,,,,
,,,,,,,
,,,,,,,
,,,,,,,
,,,,,,,
,,,,,,,
,,,,,,,
,,,,,,,
,,,,,,,
,,,,,,,
,,,,,,,
,,,,,,,
,,,,,,,
,,,,,,,
,,,,,,,
,,,,,,,
,,,,,,,
,,,,,,,
,,,,,,,
,,,,,,,
,,,,,,,
,,,,,,,
,,,,,,,
,,,,,,,
,,,,,,,
,,,,,,,
,,,,,,,
,,,,,,,
,,,,,,,
,,,,,,,
,,,,,,,
,,,,,,,
,,,,,,,
,,,,,,,
,,,,,,,
,,,,,,,
,,,,,,,
,,,,,,,
,,,,,,,
,,,,,,,
,,,,,,,
,,,,,,,
,,,,,,,
,,,,,,,
,,,,,,,
,,,,,,,
,,,,,,,
,,,,,,,
,,,,,,,
,,,,,,,
,,,,,,,
,,,,,,,
,,,,,,,
,,,,,,,
,,,,,,,
,,,,,,,
,,,,,,,
,,,,,,,
,,,,,,,
,,,,,,,
,,,,,,,
,,,,,,,
,,,,,,,
,,,,,,,
,,,,,,,
,,,,,,,
,,,,,,,
,,,,,,,
,,,,,,,
,,,,,,,
,,,,,,,
,,,,,,,
,,,,,,,
,,,,,,,
,,,,,,,
,,,,,,,
,,,,,,,
,,,,,,,
,,,,,,,
,,,,,,,
,,,,,,,
,,,,,,,
,,,,,,,
,,,,,,,
,,,,,,,
,,,,,,,
,,,,,,,
,,,,,,,
,,,,,,,
,,,,,,,
,,,,,,,
,,,,,,,
,,,,,,,
,,,,,,,
,,,,,,,
,,,,,,,
,,,,,,,
,,,,,,,
,,,,,,,
,,,,,,,
,,,,,,,
,,,,,,,
,,,,,,,
,,,,,,,
,,,,,,,
,,,,,,,
,,,,,,,
,,,,,,,
,,,,,,,
,,,,,,,
,,,,,,,
,,,,,,,
,,,,,,,
,,,,,,,
,,,,,,,
,,,,,,,
,,,,,,,
,,,,,,,
,,,,,,,
,,,,,,,
,,,,,,,
,,,,,,,
,,,,,,,
,,,,,,,
,,,,,,,
,,,,,,,
,,,,,,,
,,,,,,,
,,,,,,,
,,,,,,,
,,,,,,,
,,,,,,,
,,,,,,,
,,,,,,,
,,,,,,,
,,,,,,,
,,,,,,,
,,,,,,,
,,,,,,,
,,,,,,,
,,,,,,,
,,,,,,,
,,,,,,,
,,,,,,,
,,,,,,,
,,,,,,,
,,,,,,,
,,,,,,,
,,,,,,,
,,,,,,,
,,,,,,,
,,,,,,,
,,,,,,,
,,,,,,,
,,,,,,,
,,,,,,,
,,,,,,,
,,,,,,,
,,,,,,,
,,,,,,,
,,,,,,,
,,,,,,,
,,,,,,,
,,,,,,,
,,,,,,,
,,,,,,,
,,,,,,,
,,,,,,,
,,,,,,,
,,,,,,,
,,,,,,,
,,,,,,,
,,,,,,,
,,,,,,,
,,,,,,,
,,,,,,,
,,,,,,,
,,,,,,,
,,,,,,,
,,,,,,,
,,,,,,,
,,,,,,,
,,,,,,,
,,,,,,,
,,,,,,,
,,,,,,,
,,,,,,,
,,,,,,,
,,,,,,,
,,,,,,,
,,,,,,,
,,,,,,,
,,,,,,,
,,,,,,,
,,,,,,,
,,,,,,,
,,,,,,,
,,,,,,,
,,,,,,,
,,,,,,,
,,,,,,,
,,,,,,,
,,,,,,,
,,,,,,,
,,,,,,,
,,,,,,,
,,,,,,,
,,,,,,,
,,,,,,,
,,,,,,,
,,,,,,,
,,,,,,,
,,,,,,,
,,,,,,,
,,,,,,,
,,,,,,,
,,,,,,,
,,,,,,,
,,,,,,,
,,,,,,,
,,,,,,,
,,,,,,,
,,,,,,,
,,,,,,,
,,,,,,,
,,,,,,,
,,,,,,,
,,,,,,,
,,,,,,,
,,,,,,,
,,,,,,,
,,,,,,,
,,,,,,,
,,,,,,,
,,,,,,,
,,,,,,,
,,,,,,,
,,,,,,,
,,,,,,,
,,,,,,,
,,,,,,,
,,,,,,,
,,,,,,,
,,,,,,,
,,,,,,,
,,,,,,,
,,,,,,,
,,,,,,,
,,,,,,,
,,,,,,,
,,,,,,,
,,,,,,,
,,,,,,,
,,,,,,,
,,,,,,,
,,,,,,,
,,,,,,,
,,,,,,,
,,,,,,,
,,,,,,,
,,,,,,,
,,,,,,,
,,,,,,,
,,,,,,,
,,,,,,,
,,,,,,,
,,,,,,,
,,,,,,,
,,,,,,,
,,,,,,,
,,,,,,,
,,,,,,,
,,,,,,,
,,,,,,,
,,,,,,,
,,,,,,,
,,,,,,,
,,,,,,,
,,,,,,,
,,,,,,,
,,,,,,,
,,,,,,,
,,,,,,,
,,,,,,,
,,,,,,,
,,,,,,,
,,,,,,,
,,,,,,,
,,,,,,,
,,,,,,,
,,,,,,,
,,,,,,,
,,,,,,,
,,,,,,,
,,,,,,,
,,,,,,,
,,,,,,,
,,,,,,,
,,,,,,,
,,,,,,,
,,,,,,,
,,,,,,,
,,,,,,,
,,,,,,,
,,,,,,,
,,,,,,,
,,,,,,,
,,,,,,,
,,,,,,,
,,,,,,,
,,,,,,,
,,,,,,,
,,,,,,,
,,,,,,,
,,,,,,,
,,,,,,,
,,,,,,,
,,,,,,,
,,,,,,,
,,,,,,,
,,,,,,,
,,,,,,,
,,,,,,,
,,,,,,,
,,,,,,,
,,,,,,,
,,,,,,,
,,,,,,,
,,,,,,,
,,,,,,,
,,,,,,,
,,,,,,,
,,,,,,,
,,,,,,,
,,,,,,,
,,,,,,,
,,,,,,,
,,,,,,,
,,,,,,,
,,,,,,,
,,,,,,,
,,,,,,,
,,,,,,,
,,,,,,,
,,,,,,,
,,,,,,,
,,,,,,,
,,,,,,,
,,,,,,,
,,,,,,,
,,,,,,,
,,,,,,,
,,,,,,,
,,,,,,,
,,,,,,,
,,,,,,,
,,,,,,,
,,,,,,,
,,,,,,,
,,,,,,,
,,,,,,,
,,,,,,,
,,,,,,,
,,,,,,,
,,,,,,,
,,,,,,,
,,,,,,,
,,,,,,,
,,,,,,,
,,,,,,,
,,,,,,,
,,,,,,,
,,,,,,,
,,,,,,,
,,,,,,,
,,,,,,,
,,,,,,,
,,,,,,,
,,,,,,,
,,,,,,,
,,,,,,,
,,,,,,,
,,,,,,,
,,,,,,,
,,,,,,,
,,,,,,,
,,,,,,,
,,,,,,,
,,,,,,,
,,,,,,,
,,,,,,,
,,,,,,,
,,,,,,,
,,,,,,,
,,,,,,,
,,,,,,,
,,,,,,,
,,,,,,,
,,,,,,,
,,,,,,,
,,,,,,,
,,,,,,,
,,,,,,,
,,,,,,,
,,,,,,,
,,,,,,,
,,,,,,,
,,,,,,,
,,,,,,,
,,,,,,,
,,,,,,,
,,,,,,,
,,,,,,,
,,,,,,,
,,,,,,,
,,,,,,,
,,,,,,,
,,,,,,,
,,,,,,,
,,,,,,,
,,,,,,,
,,,,,,,
,,,,,,,
,,,,,,,
,,,,,,,
,,,,,,,
,,,,,,,
,,,,,,,
,,,,,,,
,,,,,,,
,,,,,,,
,,,,,,,
,,,,,,,
,,,,,,,
,,,,,,,
,,,,,,,
,,,,,,,
,,,,,,,
,,,,,,,
,,,,,,,
,,,,,,,
,,,,,,,
,,,,,,,
,,,,,,,
,,,,,,,
,,,,,,,
,,,,,,,
,,,,,,,
,,,,,,,
,,,,,,,
,,,,,,,
,,,,,,,
,,,,,,,
,,,,,,,
,,,,,,,
,,,,,,,
,,,,,,,
,,,,,,,
,,,,,,,
,,,,,,,
,,,,,,,
,,,,,,,
,,,,,,,
,,,,,,,
,,,,,,,
,,,,,,,
,,,,,,,
,,,,,,,
,,,,,,,
,,,,,,,
,,,,,,,
,,,,,,,
,,,,,,,
,,,,,,,
,,,,,,,
,,,,,,,
,,,,,,,
,,,,,,,
,,,,,,,
,,,,,,,
,,,,,,,
,,,,,,,
,,,,,,,
,,,,,,,
,,,,,,,
,,,,,,,
,,,,,,,
,,,,,,,
,,,,,,,
,,,,,,,
,,,,,,,
,,,,,,,
,,,,,,,
,,,,,,,
,,,,,,,
,,,,,,,
,,,,,,,
,,,,,,,
,,,,,,,
,,,,,,,
,,,,,,,
,,,,,,,
,,,,,,,
,,,,,,,
,,,,,,,
,,,,,,,
,,,,,,,
,,,,,,,
,,,,,,,
,,,,,,,
,,,,,,,
,,,,,,,
,,,,,,,
,,,,,,,
,,,,,,,
,,,,,,,
,,,,,,,
,,,,,,,
,,,,,,,
,,,,,,,
,,,,,,,
,,,,,,,
,,,,,,,
,,,,,,,
,,,,,,,
,,,,,,,
,,,,,,,
,,,,,,,
,,,,,,,
,,,,,,,
,,,,,,,
,,,,,,,
,,,,,,,
,,,,,,,
,,,,,,,
,,,,,,,
,,,,,,,
,,,,,,,
,,,,,,,
,,,,,,,
,,,,,,,
,,,,,,,
,,,,,,,
,,,,,,,
,,,,,,,
,,,,,,,
,,,,,,,
,,,,,,,
,,,,,,,
,,,,,,,
,,,,,,,
,,,,,,,
,,,,,,,
,,,,,,,
,,,,,,,
,,,,,,,
,,,,,,,
,,,,,,,
,,,,,,,
,,,,,,,
,,,,,,,
,,,,,,,
,,,,,,,
,,,,,,,
,,,,,,,
,,,,,,,
,,,,,,,
,,,,,,,
,,,,,,,
,,,,,,,
,,,,,,,
,,,,,,,
,,,,,,,
,,,,,,,
,,,,,,,
,,,,,,,
,,,,,,,
,,,,,,,
,,,,,,,
,,,,,,,
,,,,,,,
,,,,,,,
,,,,,,,
,,,,,,,
,,,,,,,
,,,,,,,
,,,,,,,
,,,,,,,
,,,,,,,
,,,,,,,
,,,,,,,
,,,,,,,
,,,,,,,
,,,,,,,
,,,,,,,
,,,,,,,
,,,,,,,
,,,,,,,
,,,,,,,
,,,,,,,
,,,,,,,
,,,,,,,
,,,,,,,
,,,,,,,
,,,,,,,
,,,,,,,
,,,,,,,
,,,,,,,
,,,,,,,
,,,,,,,
,,,,,,,
,,,,,,,
,,,,,,,
,,,,,,,
,,,,,,,
,,,,,,,
,,,,,,,
,,,,,,,
,,,,,,,
,,,,,,,
,,,,,,,
,,,,,,,
,,,,,,,
,,,,,,,
,,,,,,,
,,,,,,,
,,,,,,,
,,,,,,,
,,,,,,,
,,,,,,,
,,,,,,,
,,,,,,,
,,,,,,,
,,,,,,,
,,,,,,,
,,,,,,,
,,,,,,,
,,,,,,,
,,,,,,,
,,,,,,,
,,,,,,,
,,,,,,,
,,,,,,,
,,,,,,,
,,,,,,,
,,,,,,,
,,,,,,,
,,,,,,,
,,,,,,,
,,,,,,,
,,,,,,,
,,,,,,,
,,,,,,,
,,,,,,,
,,,,,,,
,,,,,,,
,,,,,,,
,,,,,,,
,,,,,,,
,,,,,,,
,,,,,,,
,,,,,,,
,,,,,,,
,,,,,,,
,,,,,,,
,,,,,,,
,,,,,,,
,,,,,,,
,,,,,,,
,,,,,,,
,,,,,,,
,,,,,,,
,,,,,,,
,,,,,,,
,,,,,,,
,,,,,,,
,,,,,,,
,,,,,,,
,,,,,,,
,,,,,,,
,,,,,,,
,,,,,,,
,,,,,,,
,,,,,,,
,,,,,,,
,,,,,,,
,,,,,,,
,,,,,,,
,,,,,,,
,,,,,,,
,,,,,,,
,,,,,,,
,,,,,,,
,,,,,,,
,,,,,,,
,,,,,,,
,,,,,,,
,,,,,,,
,,,,,,,
,,,,,,,
,,,,,,,
,,,,,,,
,,,,,,,
,,,,,,,
,,,,,,,
,,,,,,,
,,,,,,,
,,,,,,,
,,,,,,,
,,,,,,,
,,,,,,,
,,,,,,,
,,,,,,,
,,,,,,,
,,,,,,,
,,,,,,,
,,,,,,,
,,,,,,,
,,,,,,,
,,,,,,,
,,,,,,,
,,,,,,,
,,,,,,,
,,,,,,,
,,,,,,,
,,,,,,,
,,,,,,,
,,,,,,,
,,,,,,,
,,,,,,,
,,,,,,,
,,,,,,,
,,,,,,,
,,,,,,,
,,,,,,,
,,,,,,,
,,,,,,,
,,,,,,,
,,,,,,,
,,,,,,,
,,,,,,,
,,,,,,,
,,,,,,,
,,,,,,,
,,,,,,,
,,,,,,,
,,,,,,,
,,,,,,,
,,,,,,,
,,,,,,,
,,,,,,,
,,,,,,,
,,,,,,,
,,,,,,,
,,,,,,,
,,,,,,,
,,,,,,,
,,,,,,,
,,,,,,,
,,,,,,,
,,,,,,,
,,,,,,,
,,,,,,,
,,,,,,,
,,,,,,,
,,,,,,,
,,,,,,,
,,,,,,,
,,,,,,,
,,,,,,,
,,,,,,,
,,,,,,,
,,,,,,,
,,,,,,,
,,,,,,,
,,,,,,,
,,,,,,,
,,,,,,,
,,,,,,,
,,,,,,,
,,,,,,,
,,,,,,,
,,,,,,,
,,,,,,,
,,,,,,,
,,,,,,,
,,,,,,,
,,,,,,,
,,,,,,,
,,,,,,,
,,,,,,,
,,,,,,,
,,,,,,,
,,,,,,,
,,,,,,,
,,,,,,,
,,,,,,,
,,,,,,,
,,,,,,,
,,,,,,,
,,,,,,,
,,,,,,,
,,,,,,,
,,,,,,,
,,,,,,,
,,,,,,,
,,,,,,,
,,,,,,,
,,,,,,,
,,,,,,,
,,,,,,,
,,,,,,,
,,,,,,,
,,,,,,,
,,,,,,,
,,,,,,,
,,,,,,,
,,,,,,,
,,,,,,,
,,,,,,,
,,,,,,,
,,,,,,,
,,,,,,,
,,,,,,,
,,,,,,,
,,,,,,,
,,,,,,,
,,,,,,,
,,,,,,,
,,,,,,,
,,,,,,,
,,,,,,,
,,,,,,,
,,,,,,,
,,,,,,,
,,,,,,,
,,,,,,,
,,,,,,,
,,,,,,,
,,,,,,,
,,,,,,,
,,,,,,,
,,,,,,,
,,,,,,,
,,,,,,,
,,,,,,,
,,,,,,,
,,,,,,,
,,,,,,,
,,,,,,,
,,,,,,,
,,,,,,,
,,,,,,,
,,,,,,,
,,,,,,,
,,,,,,,
,,,,,,,
,,,,,,,
,,,,,,,
,,,,,,,
,,,,,,,
,,,,,,,
,,,,,,,
,,,,,,,
,,,,,,,
,,,,,,,
,,,,,,,
,,,,,,,
,,,,,,,
,,,,,,,
,,,,,,,
,,,,,,,
,,,,,,,
,,,,,,,
,,,,,,,
,,,,,,,
,,,,,,,
,,,,,,,
,,,,,,,
,,,,,,,
,,,,,,,
,,,,,,,
,,,,,,,
,,,,,,,
,,,,,,,
,,,,,,,
,,,,,,,
,,,,,,,
,,,,,,,
,,,,,,,
,,,,,,,
,,,,,,,
,,,,,,,
,,,,,,,
,,,,,,,
,,,,,,,
,,,,,,,
,,,,,,,
,,,,,,,
,,,,,,,
,,,,,,,
,,,,,,,
,,,,,,,
,,,,,,,
,,,,,,,
,,,,,,,
,,,,,,,
,,,,,,,
,,,,,,,
,,,,,,,
,,,,,,,
,,,,,,,
,,,,,,,
,,,,,,,
,,,,,,,
,,,,,,,
,,,,,,,
,,,,,,,
,,,,,,,
,,,,,,,
,,,,,,,
,,,,,,,
,,,,,,,
,,,,,,,
,,,,,,,
,,,,,,,
,,,,,,,
,,,,,,,
,,,,,,,
,,,,,,,
,,,,,,,
,,,,,,,
,,,,,,,
,,,,,,,
,,,,,,,
,,,,,,,
,,,,,,,
,,,,,,,
,,,,,,,
,,,,,,,
,,,,,,,
,,,,,,,
,,,,,,,
,,,,,,,
,,,,,,,
,,,,,,,
,,,,,,,
,,,,,,,
,,,,,,,
,,,,,,,
,,,,,,,
,,,,,,,
,,,,,,,
,,,,,,,
,,,,,,,
,,,,,,,
,,,,,,,
,,,,,,,
,,,,,,,
,,,,,,,
,,,,,,,
,,,,,,,
,,,,,,,
,,,,,,,
,,,,,,,
,,,,,,,
,,,,,,,
,,,,,,,
,,,,,,,
,,,,,,,
,,,,,,,
,,,,,,,
,,,,,,,
,,,,,,,
,,,,,,,
,,,,,,,
